# --- !Ups

create table "brands" (
  "id" bigint generated by default as identity(start with 10) not null primary key,
  "name" varchar not null,
  "year" int not null
);


create table "products" (
  "id" bigint generated by default as identity(start with 100) not null primary key,
  "name" varchar not null,
  "price" int not null,
  "brand_id" bigint
);

create table "orders" (
  "id" bigint generated by default as identity(start with 100) not null primary key,
  "customer_id" bigint not null,
   "qty" int not null,
   "amount" int not null
);

create table "items" (
  "id" bigint generated by default as identity(start with 100) not null primary key,
  "order_id" bigint not null,
  "product_id" bigint not null,
  "brand_id" bigint not null,
   "price" int not null,
   "qty" int not null,
   "amount" int not null
);

create table "reviews" (
  "id" int generated by default as identity(start with 10) not null primary key,
  "title" varchar not null,
  "body" varchar not null
);

insert into "brands" ("id","name", "year") values (1,'Brand 1', 2010);
insert into "brands" ("id","name", "year") values (2,'Brand 2', 2011);
insert into "brands" ("id","name", "year") values (3,'Brand 3', 2012);
insert into "brands" ("id","name", "year") values (4,'Brand 4', 2013);
insert into "brands" ("id","name", "year") values (5,'Brand 5', 2014);


insert into "products" ("id", "name",   "price", "brand_id") values (1, 'Product 1', 100, 1);
insert into "products" ("id", "name",  "price", "brand_id") values (2, 'Product 2', 200, 1);
insert into "products" ("id", "name",  "price", "brand_id") values (3,'Product 3', 300, 1);
insert into "products" ("id", "name",  "price", "brand_id") values (4, 'Product 4', 350, 1);
insert into "products" ("id", "name",  "price", "brand_id") values (5, 'Product 5', 450, 1);


insert into "products" ("id", "name",   "price", "brand_id") values (6, 'Product 1', 2010, 2);
insert into "products" ("id", "name",  "price", "brand_id") values (7, 'Product 2', 2011, 2);
insert into "products" ("id", "name",  "price", "brand_id") values (8,'Product 3', 2012, 2);
insert into "products" ("id", "name",  "price", "brand_id") values (9, 'Product 4', 2013, 2);
insert into "products" ("id", "name",  "price", "brand_id") values (10, 'Product 5', 2014, 2);

insert into "products" ("id", "name",   "price", "brand_id") values (11, 'Product 1', 10100, 3);
insert into "products" ("id", "name",  "price", "brand_id") values (12, 'Product 2', 21011, 3);
insert into "products" ("id", "name",  "price", "brand_id") values (13,'Product 3', 20112, 3);
insert into "products" ("id", "name",  "price", "brand_id") values (14, 'Product 4', 21013, 3);
insert into "products" ("id", "name",  "price", "brand_id") values (15, 'Product 5', 21014, 3);

insert into "products" ("id", "name",   "price", "brand_id") values (16, 'Product 1', 50100, 4);
insert into "products" ("id", "name",  "price", "brand_id") values (17, 'Product 2', 50100, 4);
insert into "products" ("id", "name",  "price", "brand_id") values (18,'Product 3', 50100, 4);
insert into "products" ("id", "name",  "price", "brand_id") values (19, 'Product 4', 50100, 4);
insert into "products" ("id", "name",  "price", "brand_id") values (20, 'Product 5', 50100, 4);



insert into "reviews" ("id", "title",   "body") values (1, 'Product 1', 'good product');
insert into "reviews" ("id", "title",   "body") values (2, 'Product 1', 'value for money');

# --- !Downs

drop table "items" if exists;
drop table "orders" if exists;
drop table "products" if exists;
drop table "brands" if exists;
drop table "reviews" if exists;